# PSA PSGC Publication Datafile, as of 30 June 2026; sha256 31892bc2bdde3ea0682562d9412b5bab4d45a0be5e5a5b4f6c9d7714b94bca5d
city_code,city_name,is_city,city_class,area_code,rule
0102801000,Adams,0,,0102800000,code
0102802000,Bacarra,0,,0102800000,code
0102803000,Badoc,0,,0102800000,code
0102804000,Bangui,0,,0102800000,code
0102805000,City of Batac,1,CC,0102800000,code
0102806000,Burgos,0,,0102800000,code
0102807000,Carasi,0,,0102800000,code
0102808000,Currimao,0,,0102800000,code
0102809000,Dingras,0,,0102800000,code
0102810000,Dumalneg,0,,0102800000,code
0102811000,Banna,0,,0102800000,code
0102812000,City of Laoag,1,CC,0102800000,code
0102813000,Marcos,0,,0102800000,code
0102814000,Nueva Era,0,,0102800000,code
0102815000,Pagudpud,0,,0102800000,code
0102816000,Paoay,0,,0102800000,code
0102817000,Pasuquin,0,,0102800000,code
0102818000,Piddig,0,,0102800000,code
0102819000,Pinili,0,,0102800000,code
0102820000,San Nicolas,0,,0102800000,code
0102821000,Sarrat,0,,0102800000,code
0102822000,Solsona,0,,0102800000,code
0102823000,Vintar,0,,0102800000,code
0102901000,Alilem,0,,0102900000,code
0102902000,Banayoyo,0,,0102900000,code
0102903000,Bantay,0,,0102900000,code
0102904000,Burgos,0,,0102900000,code
0102905000,Cabugao,0,,0102900000,code
0102906000,City of Candon,1,CC,0102900000,code
0102907000,Caoayan,0,,0102900000,code
0102908000,Cervantes,0,,0102900000,code
0102909000,Galimuyod,0,,0102900000,code
0102910000,Gregorio del Pilar,0,,0102900000,code
0102911000,Lidlidda,0,,0102900000,code
0102912000,Magsingal,0,,0102900000,code
0102913000,Nagbukel,0,,0102900000,code
0102914000,Narvacan,0,,0102900000,code
0102915000,Quirino,0,,0102900000,code
0102916000,Salcedo,0,,0102900000,code
0102917000,San Emilio,0,,0102900000,code
0102918000,San Esteban,0,,0102900000,code
0102919000,San Ildefonso,0,,0102900000,code
0102920000,San Juan,0,,0102900000,code
0102921000,San Vicente,0,,0102900000,code
0102922000,Santa,0,,0102900000,code
0102923000,Santa Catalina,0,,0102900000,code
0102924000,Santa Cruz,0,,0102900000,code
0102925000,Santa Lucia,0,,0102900000,code
0102926000,Santa Maria,0,,0102900000,code
0102927000,Santiago,0,,0102900000,code
0102928000,Santo Domingo,0,,0102900000,code
0102929000,Sigay,0,,0102900000,code
0102930000,Sinait,0,,0102900000,code
0102931000,Sugpon,0,,0102900000,code
0102932000,Suyo,0,,0102900000,code
0102933000,Tagudin,0,,0102900000,code
0102934000,City of Vigan,1,CC,0102900000,code
0103301000,Agoo,0,,0103300000,code
0103302000,Aringay,0,,0103300000,code
0103303000,Bacnotan,0,,0103300000,code
0103304000,Bagulin,0,,0103300000,code
0103305000,Balaoan,0,,0103300000,code
0103306000,Bangar,0,,0103300000,code
0103307000,Bauang,0,,0103300000,code
0103308000,Burgos,0,,0103300000,code
0103309000,Caba,0,,0103300000,code
0103310000,Luna,0,,0103300000,code
0103311000,Naguilian,0,,0103300000,code
0103312000,Pugo,0,,0103300000,code
0103313000,Rosario,0,,0103300000,code
0103314000,City of San Fernando,1,CC,0103300000,code
0103315000,San Gabriel,0,,0103300000,code
0103316000,San Juan,0,,0103300000,code
0103317000,Santo Tomas,0,,0103300000,code
0103318000,Santol,0,,0103300000,code
0103319000,Sudipen,0,,0103300000,code
0103320000,Tubao,0,,0103300000,code
0105501000,Agno,0,,0105500000,code
0105502000,Aguilar,0,,0105500000,code
0105503000,City of Alaminos,1,CC,0105500000,code
0105504000,Alcala,0,,0105500000,code
0105505000,Anda,0,,0105500000,code
0105506000,Asingan,0,,0105500000,code
0105507000,Balungao,0,,0105500000,code
0105508000,Bani,0,,0105500000,code
0105509000,Basista,0,,0105500000,code
0105510000,Bautista,0,,0105500000,code
0105511000,Bayambang,0,,0105500000,code
0105512000,Binalonan,0,,0105500000,code
0105513000,Binmaley,0,,0105500000,code
0105514000,Bolinao,0,,0105500000,code
0105515000,Bugallon,0,,0105500000,code
0105516000,Burgos,0,,0105500000,code
0105517000,Calasiao,0,,0105500000,code
0105518000,City of Dagupan,1,ICC,0105500000,code
0105519000,Dasol,0,,0105500000,code
0105520000,Infanta,0,,0105500000,code
0105521000,Labrador,0,,0105500000,code
0105522000,Lingayen,0,,0105500000,code
0105523000,Mabini,0,,0105500000,code
0105524000,Malasiqui,0,,0105500000,code
0105525000,Manaoag,0,,0105500000,code
0105526000,Mangaldan,0,,0105500000,code
0105527000,Mangatarem,0,,0105500000,code
0105528000,Mapandan,0,,0105500000,code
0105529000,Natividad,0,,0105500000,code
0105530000,Pozorrubio,0,,0105500000,code
0105531000,Rosales,0,,0105500000,code
0105532000,City of San Carlos,1,CC,0105500000,code
0105533000,San Fabian,0,,0105500000,code
0105534000,San Jacinto,0,,0105500000,code
0105535000,San Manuel,0,,0105500000,code
0105536000,San Nicolas,0,,0105500000,code
0105537000,San Quintin,0,,0105500000,code
0105538000,Santa Barbara,0,,0105500000,code
0105539000,Santa Maria,0,,0105500000,code
0105540000,Santo Tomas,0,,0105500000,code
0105541000,Sison,0,,0105500000,code
0105542000,Sual,0,,0105500000,code
0105543000,Tayug,0,,0105500000,code
0105544000,Umingan,0,,0105500000,code
0105545000,Urbiztondo,0,,0105500000,code
0105546000,City of Urdaneta,1,CC,0105500000,code
0105547000,Villasis,0,,0105500000,code
0105548000,Laoac,0,,0105500000,code
0200901000,Basco,0,,0200900000,code
0200902000,Itbayat,0,,0200900000,code
0200903000,Ivana,0,,0200900000,code
0200904000,Mahatao,0,,0200900000,code
0200905000,Sabtang,0,,0200900000,code
0200906000,Uyugan,0,,0200900000,code
0201501000,Abulug,0,,0201500000,code
0201502000,Alcala,0,,0201500000,code
0201503000,Allacapan,0,,0201500000,code
0201504000,Amulung,0,,0201500000,code
0201505000,Aparri,0,,0201500000,code
0201506000,Baggao,0,,0201500000,code
0201507000,Ballesteros,0,,0201500000,code
0201508000,Buguey,0,,0201500000,code
0201509000,Calayan,0,,0201500000,code
0201510000,Camalaniugan,0,,0201500000,code
0201511000,Claveria,0,,0201500000,code
0201512000,Enrile,0,,0201500000,code
0201513000,Gattaran,0,,0201500000,code
0201514000,Gonzaga,0,,0201500000,code
0201515000,Iguig,0,,0201500000,code
0201516000,Lal-Lo,0,,0201500000,code
0201517000,Lasam,0,,0201500000,code
0201518000,Pamplona,0,,0201500000,code
0201519000,Peñablanca,0,,0201500000,code
0201520000,Piat,0,,0201500000,code
0201521000,Rizal,0,,0201500000,code
0201522000,Sanchez Mira,0,,0201500000,code
0201523000,Santa Ana,0,,0201500000,code
0201524000,Santa Praxedes,0,,0201500000,code
0201525000,Santa Teresita,0,,0201500000,code
0201526000,Santo Niño,0,,0201500000,code
0201527000,Solana,0,,0201500000,code
0201528000,Tuao,0,,0201500000,code
0201529000,Tuguegarao City,1,CC,0201500000,code
0203101000,Alicia,0,,0203100000,code
0203102000,Angadanan,0,,0203100000,code
0203103000,Aurora,0,,0203100000,code
0203104000,Benito Soliven,0,,0203100000,code
0203105000,Burgos,0,,0203100000,code
0203106000,Cabagan,0,,0203100000,code
0203107000,Cabatuan,0,,0203100000,code
0203108000,City of Cauayan,1,CC,0203100000,code
0203109000,Cordon,0,,0203100000,code
0203110000,Dinapigue,0,,0203100000,code
0203111000,Divilacan,0,,0203100000,code
0203112000,Echague,0,,0203100000,code
0203113000,Gamu,0,,0203100000,code
0203114000,City of Ilagan,1,CC,0203100000,code
0203115000,Jones,0,,0203100000,code
0203116000,Luna,0,,0203100000,code
0203117000,Maconacon,0,,0203100000,code
0203118000,Delfin Albano,0,,0203100000,code
0203119000,Mallig,0,,0203100000,code
0203120000,Naguilian,0,,0203100000,code
0203121000,Palanan,0,,0203100000,code
0203122000,Quezon,0,,0203100000,code
0203123000,Quirino,0,,0203100000,code
0203124000,Ramon,0,,0203100000,code
0203125000,Reina Mercedes,0,,0203100000,code
0203126000,Roxas,0,,0203100000,code
0203127000,San Agustin,0,,0203100000,code
0203128000,San Guillermo,0,,0203100000,code
0203129000,San Isidro,0,,0203100000,code
0203130000,San Manuel,0,,0203100000,code
0203131000,San Mariano,0,,0203100000,code
0203132000,San Mateo,0,,0203100000,code
0203133000,San Pablo,0,,0203100000,code
0203134000,Santa Maria,0,,0203100000,code
0203135000,City of Santiago,1,ICC,0203100000,code
0203136000,Santo Tomas,0,,0203100000,code
0203137000,Tumauini,0,,0203100000,code
0205001000,Ambaguio,0,,0205000000,code
0205002000,Aritao,0,,0205000000,code
0205003000,Bagabag,0,,0205000000,code
0205004000,Bambang,0,,0205000000,code
0205005000,Bayombong,0,,0205000000,code
0205006000,Diadi,0,,0205000000,code
0205007000,Dupax del Norte,0,,0205000000,code
0205008000,Dupax del Sur,0,,0205000000,code
0205009000,Kasibu,0,,0205000000,code
0205010000,Kayapa,0,,0205000000,code
0205011000,Quezon,0,,0205000000,code
0205012000,Santa Fe,0,,0205000000,code
0205013000,Solano,0,,0205000000,code
0205014000,Villaverde,0,,0205000000,code
0205015000,Alfonso Castaneda,0,,0205000000,code
0205701000,Aglipay,0,,0205700000,code
0205702000,Cabarroguis,0,,0205700000,code
0205703000,Diffun,0,,0205700000,code
0205704000,Maddela,0,,0205700000,code
0205705000,Saguday,0,,0205700000,code
0205706000,Nagtipunan,0,,0205700000,code
0300801000,Abucay,0,,0300800000,code
0300802000,Bagac,0,,0300800000,code
0300803000,City of Balanga,1,CC,0300800000,code
0300804000,Dinalupihan,0,,0300800000,code
0300805000,Hermosa,0,,0300800000,code
0300806000,Limay,0,,0300800000,code
0300807000,Mariveles,0,,0300800000,code
0300808000,Morong,0,,0300800000,code
0300809000,Orani,0,,0300800000,code
0300810000,Orion,0,,0300800000,code
0300811000,Pilar,0,,0300800000,code
0300812000,Samal,0,,0300800000,code
0301401000,Angat,0,,0301400000,code
0301402000,Balagtas,0,,0301400000,code
0301403000,City of Baliwag,1,CC,0301400000,code
0301404000,Bocaue,0,,0301400000,code
0301405000,Bulacan,0,,0301400000,code
0301406000,Bustos,0,,0301400000,code
0301407000,Calumpit,0,,0301400000,code
0301408000,Guiguinto,0,,0301400000,code
0301409000,Hagonoy,0,,0301400000,code
0301410000,City of Malolos,1,CC,0301400000,code
0301411000,Marilao,0,,0301400000,code
0301412000,City of Meycauayan,1,CC,0301400000,code
0301413000,Norzagaray,0,,0301400000,code
0301414000,Obando,0,,0301400000,code
0301415000,Pandi,0,,0301400000,code
0301416000,Paombong,0,,0301400000,code
0301417000,Plaridel,0,,0301400000,code
0301418000,Pulilan,0,,0301400000,code
0301419000,San Ildefonso,0,,0301400000,code
0301420000,City of San Jose Del Monte,1,CC,0301400000,code
0301421000,San Miguel,0,,0301400000,code
0301422000,San Rafael,0,,0301400000,code
0301423000,Santa Maria,0,,0301400000,code
0301424000,Doña Remedios Trinidad,0,,0301400000,code
0304901000,Aliaga,0,,0304900000,code
0304902000,Bongabon,0,,0304900000,code
0304903000,City of Cabanatuan,1,CC,0304900000,code
0304904000,Cabiao,0,,0304900000,code
0304905000,Carranglan,0,,0304900000,code
0304906000,Cuyapo,0,,0304900000,code
0304907000,Gabaldon,0,,0304900000,code
0304908000,City of Gapan,1,CC,0304900000,code
0304909000,General Mamerto Natividad,0,,0304900000,code
0304910000,General Tinio,0,,0304900000,code
0304911000,Guimba,0,,0304900000,code
0304912000,Jaen,0,,0304900000,code
0304913000,Laur,0,,0304900000,code
0304914000,Licab,0,,0304900000,code
0304915000,Llanera,0,,0304900000,code
0304916000,Lupao,0,,0304900000,code
0304917000,Science City of Muñoz,1,CC,0304900000,code
0304918000,Nampicuan,0,,0304900000,code
0304919000,City of Palayan,1,CC,0304900000,code
0304920000,Pantabangan,0,,0304900000,code
0304921000,Peñaranda,0,,0304900000,code
0304922000,Quezon,0,,0304900000,code
0304923000,Rizal,0,,0304900000,code
0304924000,San Antonio,0,,0304900000,code
0304925000,San Isidro,0,,0304900000,code
0304926000,San Jose City,1,CC,0304900000,code
0304927000,San Leonardo,0,,0304900000,code
0304928000,Santa Rosa,0,,0304900000,code
0304929000,Santo Domingo,0,,0304900000,code
0304930000,Talavera,0,,0304900000,code
0304931000,Talugtug,0,,0304900000,code
0304932000,Zaragoza,0,,0304900000,code
0305402000,Apalit,0,,0305400000,code
0305403000,Arayat,0,,0305400000,code
0305404000,Bacolor,0,,0305400000,code
0305405000,Candaba,0,,0305400000,code
0305406000,Floridablanca,0,,0305400000,code
0305407000,Guagua,0,,0305400000,code
0305408000,Lubao,0,,0305400000,code
0305409000,Mabalacat City,1,CC,0305400000,code
0305410000,Macabebe,0,,0305400000,code
0305411000,Magalang,0,,0305400000,code
0305412000,Masantol,0,,0305400000,code
0305413000,Mexico,0,,0305400000,code
0305414000,Minalin,0,,0305400000,code
0305415000,Porac,0,,0305400000,code
0305416000,City of San Fernando,1,CC,0305400000,code
0305417000,San Luis,0,,0305400000,code
0305418000,San Simon,0,,0305400000,code
0305419000,Santa Ana,0,,0305400000,code
0305420000,Santa Rita,0,,0305400000,code
0305421000,Sto. Tomas,0,,0305400000,code
0305422000,Sasmuan,0,,0305400000,code
0306901000,Anao,0,,0306900000,code
0306902000,Bamban,0,,0306900000,code
0306903000,Camiling,0,,0306900000,code
0306904000,Capas,0,,0306900000,code
0306905000,Concepcion,0,,0306900000,code
0306906000,Gerona,0,,0306900000,code
0306907000,La Paz,0,,0306900000,code
0306908000,Mayantoc,0,,0306900000,code
0306909000,Moncada,0,,0306900000,code
0306910000,Paniqui,0,,0306900000,code
0306911000,Pura,0,,0306900000,code
0306912000,Ramos,0,,0306900000,code
0306913000,San Clemente,0,,0306900000,code
0306914000,San Manuel,0,,0306900000,code
0306915000,Santa Ignacia,0,,0306900000,code
0306916000,City of Tarlac,1,CC,0306900000,code
0306917000,Victoria,0,,0306900000,code
0306918000,San Jose,0,,0306900000,code
0307101000,Botolan,0,,0307100000,code
0307102000,Cabangan,0,,0307100000,code
0307103000,Candelaria,0,,0307100000,code
0307104000,Castillejos,0,,0307100000,code
0307105000,Iba,0,,0307100000,code
0307106000,Masinloc,0,,0307100000,code
0307108000,Palauig,0,,0307100000,code
0307109000,San Antonio,0,,0307100000,code
0307110000,San Felipe,0,,0307100000,code
0307111000,San Marcelino,0,,0307100000,code
0307112000,San Narciso,0,,0307100000,code
0307113000,Santa Cruz,0,,0307100000,code
0307114000,Subic,0,,0307100000,code
0307701000,Baler,0,,0307700000,code
0307702000,Casiguran,0,,0307700000,code
0307703000,Dilasag,0,,0307700000,code
0307704000,Dinalungan,0,,0307700000,code
0307705000,Dingalan,0,,0307700000,code
0307706000,Dipaculao,0,,0307700000,code
0307707000,Maria Aurora,0,,0307700000,code
0307708000,San Luis,0,,0307700000,code
0330100000,City of Angeles,1,HUC,0305400000,correspondence
0331400000,City of Olongapo,1,HUC,0307100000,correspondence
0401001000,Agoncillo,0,,0401000000,code
0401002000,Alitagtag,0,,0401000000,code
0401003000,Balayan,0,,0401000000,code
0401004000,Balete,0,,0401000000,code
0401005000,Batangas City,1,CC,0401000000,code
0401006000,Bauan,0,,0401000000,code
0401007000,City of Calaca,1,CC,0401000000,code
0401008000,Calatagan,0,,0401000000,code
0401009000,Cuenca,0,,0401000000,code
0401010000,Ibaan,0,,0401000000,code
0401011000,Laurel,0,,0401000000,code
0401012000,Lemery,0,,0401000000,code
0401013000,Lian,0,,0401000000,code
0401014000,City of Lipa,1,CC,0401000000,code
0401015000,Lobo,0,,0401000000,code
0401016000,Mabini,0,,0401000000,code
0401017000,Malvar,0,,0401000000,code
0401018000,Mataasnakahoy,0,,0401000000,code
0401019000,Nasugbu,0,,0401000000,code
0401020000,Padre Garcia,0,,0401000000,code
0401021000,Rosario,0,,0401000000,code
0401022000,San Jose,0,,0401000000,code
0401023000,San Juan,0,,0401000000,code
0401024000,San Luis,0,,0401000000,code
0401025000,San Nicolas,0,,0401000000,code
0401026000,San Pascual,0,,0401000000,code
0401027000,Santa Teresita,0,,0401000000,code
0401028000,City of Sto. Tomas,1,CC,0401000000,code
0401029000,Taal,0,,0401000000,code
0401030000,Talisay,0,,0401000000,code
0401031000,City of Tanauan,1,CC,0401000000,code
0401032000,Taysan,0,,0401000000,code
0401033000,Tingloy,0,,0401000000,code
0401034000,Tuy,0,,0401000000,code
0402101000,Alfonso,0,,0402100000,code
0402102000,Amadeo,0,,0402100000,code
0402103000,City of Bacoor,1,CC,0402100000,code
0402104000,City of Carmona,1,CC,0402100000,code
0402105000,City of Cavite,1,CC,0402100000,code
0402106000,City of Dasmariñas,1,CC,0402100000,code
0402107000,General Emilio Aguinaldo,0,,0402100000,code
0402108000,City of General Trias,1,CC,0402100000,code
0402109000,City of Imus,1,CC,0402100000,code
0402110000,Indang,0,,0402100000,code
0402111000,Kawit,0,,0402100000,code
0402112000,Magallanes,0,,0402100000,code
0402113000,Maragondon,0,,0402100000,code
0402114000,Mendez,0,,0402100000,code
0402115000,Naic,0,,0402100000,code
0402116000,Noveleta,0,,0402100000,code
0402117000,Rosario,0,,0402100000,code
0402118000,Silang,0,,0402100000,code
0402119000,City of Tagaytay,1,CC,0402100000,code
0402120000,Tanza,0,,0402100000,code
0402121000,Ternate,0,,0402100000,code
0402122000,City of Trece Martires,1,CC,0402100000,code
0402123000,Gen. Mariano Alvarez,0,,0402100000,code
0403401000,Alaminos,0,,0403400000,code
0403402000,Bay,0,,0403400000,code
0403403000,City of Biñan,1,CC,0403400000,code
0403404000,City of Cabuyao,1,CC,0403400000,code
0403405000,City of Calamba,1,CC,0403400000,code
0403406000,Calauan,0,,0403400000,code
0403407000,Cavinti,0,,0403400000,code
0403408000,Famy,0,,0403400000,code
0403409000,Kalayaan,0,,0403400000,code
0403410000,Liliw,0,,0403400000,code
0403411000,Los Baños,0,,0403400000,code
0403412000,Luisiana,0,,0403400000,code
0403413000,Lumban,0,,0403400000,code
0403414000,Mabitac,0,,0403400000,code
0403415000,Magdalena,0,,0403400000,code
0403416000,Majayjay,0,,0403400000,code
0403417000,Nagcarlan,0,,0403400000,code
0403418000,Paete,0,,0403400000,code
0403419000,Pagsanjan,0,,0403400000,code
0403420000,Pakil,0,,0403400000,code
0403421000,Pangil,0,,0403400000,code
0403422000,Pila,0,,0403400000,code
0403423000,Rizal,0,,0403400000,code
0403424000,City of San Pablo,1,CC,0403400000,code
0403425000,City of San Pedro,1,CC,0403400000,code
0403426000,Santa Cruz,0,,0403400000,code
0403427000,Santa Maria,0,,0403400000,code
0403428000,City of Santa Rosa,1,CC,0403400000,code
0403429000,Siniloan,0,,0403400000,code
0403430000,Victoria,0,,0403400000,code
0405601000,Agdangan,0,,0405600000,code
0405602000,Alabat,0,,0405600000,code
0405603000,Atimonan,0,,0405600000,code
0405605000,Buenavista,0,,0405600000,code
0405606000,Burdeos,0,,0405600000,code
0405607000,Calauag,0,,0405600000,code
0405608000,Candelaria,0,,0405600000,code
0405610000,Catanauan,0,,0405600000,code
0405615000,Dolores,0,,0405600000,code
0405616000,General Luna,0,,0405600000,code
0405617000,General Nakar,0,,0405600000,code
0405618000,Guinayangan,0,,0405600000,code
0405619000,Gumaca,0,,0405600000,code
0405620000,Infanta,0,,0405600000,code
0405621000,Jomalig,0,,0405600000,code
0405622000,Lopez,0,,0405600000,code
0405623000,Lucban,0,,0405600000,code
0405625000,Macalelon,0,,0405600000,code
0405627000,Mauban,0,,0405600000,code
0405628000,Mulanay,0,,0405600000,code
0405629000,Padre Burgos,0,,0405600000,code
0405630000,Pagbilao,0,,0405600000,code
0405631000,Panukulan,0,,0405600000,code
0405632000,Patnanungan,0,,0405600000,code
0405633000,Perez,0,,0405600000,code
0405634000,Pitogo,0,,0405600000,code
0405635000,Plaridel,0,,0405600000,code
0405636000,Polillo,0,,0405600000,code
0405637000,Quezon,0,,0405600000,code
0405638000,Real,0,,0405600000,code
0405639000,Sampaloc,0,,0405600000,code
0405640000,San Andres,0,,0405600000,code
0405641000,San Antonio,0,,0405600000,code
0405642000,San Francisco,0,,0405600000,code
0405644000,San Narciso,0,,0405600000,code
0405645000,Sariaya,0,,0405600000,code
0405646000,Tagkawayan,0,,0405600000,code
0405647000,City of Tayabas,1,CC,0405600000,code
0405648000,Tiaong,0,,0405600000,code
0405649000,Unisan,0,,0405600000,code
0405801000,Angono,0,,0405800000,code
0405802000,City of Antipolo,1,CC,0405800000,code
0405803000,Baras,0,,0405800000,code
0405804000,Binangonan,0,,0405800000,code
0405805000,Cainta,0,,0405800000,code
0405806000,Cardona,0,,0405800000,code
0405807000,Jala-Jala,0,,0405800000,code
0405808000,Rodriguez,0,,0405800000,code
0405809000,Morong,0,,0405800000,code
0405810000,Pililla,0,,0405800000,code
0405811000,San Mateo,0,,0405800000,code
0405812000,Tanay,0,,0405800000,code
0405813000,Taytay,0,,0405800000,code
0405814000,Teresa,0,,0405800000,code
0431200000,City of Lucena,1,HUC,0405600000,correspondence
0500501000,Bacacay,0,,0500500000,code
0500502000,Camalig,0,,0500500000,code
0500503000,Daraga,0,,0500500000,code
0500504000,Guinobatan,0,,0500500000,code
0500505000,Jovellar,0,,0500500000,code
0500506000,City of Legazpi,1,CC,0500500000,code
0500507000,Libon,0,,0500500000,code
0500508000,City of Ligao,1,CC,0500500000,code
0500509000,Malilipot,0,,0500500000,code
0500510000,Malinao,0,,0500500000,code
0500511000,Manito,0,,0500500000,code
0500512000,Oas,0,,0500500000,code
0500513000,Pio Duran,0,,0500500000,code
0500514000,Polangui,0,,0500500000,code
0500515000,Rapu-Rapu,0,,0500500000,code
0500516000,Santo Domingo,0,,0500500000,code
0500517000,City of Tabaco,1,CC,0500500000,code
0500518000,Tiwi,0,,0500500000,code
0501601000,Basud,0,,0501600000,code
0501602000,Capalonga,0,,0501600000,code
0501603000,Daet,0,,0501600000,code
0501604000,San Lorenzo Ruiz,0,,0501600000,code
0501605000,Jose Panganiban,0,,0501600000,code
0501606000,Labo,0,,0501600000,code
0501607000,Mercedes,0,,0501600000,code
0501608000,Paracale,0,,0501600000,code
0501609000,San Vicente,0,,0501600000,code
0501610000,Santa Elena,0,,0501600000,code
0501611000,Talisay,0,,0501600000,code
0501612000,Vinzons,0,,0501600000,code
0501701000,Baao,0,,0501700000,code
0501702000,Balatan,0,,0501700000,code
0501703000,Bato,0,,0501700000,code
0501704000,Bombon,0,,0501700000,code
0501705000,Buhi,0,,0501700000,code
0501706000,Bula,0,,0501700000,code
0501707000,Cabusao,0,,0501700000,code
0501708000,Calabanga,0,,0501700000,code
0501709000,Camaligan,0,,0501700000,code
0501710000,Canaman,0,,0501700000,code
0501711000,Caramoan,0,,0501700000,code
0501712000,Del Gallego,0,,0501700000,code
0501713000,Gainza,0,,0501700000,code
0501714000,Garchitorena,0,,0501700000,code
0501715000,Goa,0,,0501700000,code
0501716000,City of Iriga,1,CC,0501700000,code
0501717000,Lagonoy,0,,0501700000,code
0501718000,Libmanan,0,,0501700000,code
0501719000,Lupi,0,,0501700000,code
0501720000,Magarao,0,,0501700000,code
0501721000,Milaor,0,,0501700000,code
0501722000,Minalabac,0,,0501700000,code
0501723000,Nabua,0,,0501700000,code
0501724000,City of Naga,1,ICC,0501700000,code
0501725000,Ocampo,0,,0501700000,code
0501726000,Pamplona,0,,0501700000,code
0501727000,Pasacao,0,,0501700000,code
0501728000,Pili,0,,0501700000,code
0501729000,Presentacion,0,,0501700000,code
0501730000,Ragay,0,,0501700000,code
0501731000,Sagñay,0,,0501700000,code
0501732000,San Fernando,0,,0501700000,code
0501733000,San Jose,0,,0501700000,code
0501734000,Sipocot,0,,0501700000,code
0501735000,Siruma,0,,0501700000,code
0501736000,Tigaon,0,,0501700000,code
0501737000,Tinambac,0,,0501700000,code
0502001000,Bagamanoc,0,,0502000000,code
0502002000,Baras,0,,0502000000,code
0502003000,Bato,0,,0502000000,code
0502004000,Caramoran,0,,0502000000,code
0502005000,Gigmoto,0,,0502000000,code
0502006000,Pandan,0,,0502000000,code
0502007000,Panganiban,0,,0502000000,code
0502008000,San Andres,0,,0502000000,code
0502009000,San Miguel,0,,0502000000,code
0502010000,Viga,0,,0502000000,code
0502011000,Virac,0,,0502000000,code
0504101000,Aroroy,0,,0504100000,code
0504102000,Baleno,0,,0504100000,code
0504103000,Balud,0,,0504100000,code
0504104000,Batuan,0,,0504100000,code
0504105000,Cataingan,0,,0504100000,code
0504106000,Cawayan,0,,0504100000,code
0504107000,Claveria,0,,0504100000,code
0504108000,Dimasalang,0,,0504100000,code
0504109000,Esperanza,0,,0504100000,code
0504110000,Mandaon,0,,0504100000,code
0504111000,City of Masbate,1,CC,0504100000,code
0504112000,Milagros,0,,0504100000,code
0504113000,Mobo,0,,0504100000,code
0504114000,Monreal,0,,0504100000,code
0504115000,Palanas,0,,0504100000,code
0504116000,Pio V. Corpus,0,,0504100000,code
0504117000,Placer,0,,0504100000,code
0504118000,San Fernando,0,,0504100000,code
0504119000,San Jacinto,0,,0504100000,code
0504120000,San Pascual,0,,0504100000,code
0504121000,Uson,0,,0504100000,code
0506202000,Barcelona,0,,0506200000,code
0506203000,Bulan,0,,0506200000,code
0506204000,Bulusan,0,,0506200000,code
0506205000,Casiguran,0,,0506200000,code
0506206000,Castilla,0,,0506200000,code
0506207000,Donsol,0,,0506200000,code
0506208000,Gubat,0,,0506200000,code
0506209000,Irosin,0,,0506200000,code
0506210000,Juban,0,,0506200000,code
0506211000,Magallanes,0,,0506200000,code
0506212000,Matnog,0,,0506200000,code
0506213000,Pilar,0,,0506200000,code
0506214000,Prieto Diaz,0,,0506200000,code
0506215000,Santa Magdalena,0,,0506200000,code
0506216000,City of Sorsogon,1,CC,0506200000,code
0600401000,Altavas,0,,0600400000,code
0600402000,Balete,0,,0600400000,code
0600403000,Banga,0,,0600400000,code
0600404000,Batan,0,,0600400000,code
0600405000,Buruanga,0,,0600400000,code
0600406000,Ibajay,0,,0600400000,code
0600407000,Kalibo,0,,0600400000,code
0600408000,Lezo,0,,0600400000,code
0600409000,Libacao,0,,0600400000,code
0600410000,Madalag,0,,0600400000,code
0600411000,Makato,0,,0600400000,code
0600412000,Malay,0,,0600400000,code
0600413000,Malinao,0,,0600400000,code
0600414000,Nabas,0,,0600400000,code
0600415000,New Washington,0,,0600400000,code
0600416000,Numancia,0,,0600400000,code
0600417000,Tangalan,0,,0600400000,code
0600601000,Anini-Y,0,,0600600000,code
0600602000,Barbaza,0,,0600600000,code
0600603000,Belison,0,,0600600000,code
0600604000,Bugasong,0,,0600600000,code
0600605000,Caluya,0,,0600600000,code
0600606000,Culasi,0,,0600600000,code
0600607000,Tobias Fornier,0,,0600600000,code
0600608000,Hamtic,0,,0600600000,code
0600609000,Laua-An,0,,0600600000,code
0600610000,Libertad,0,,0600600000,code
0600611000,Pandan,0,,0600600000,code
0600612000,Patnongon,0,,0600600000,code
0600613000,San Jose,0,,0600600000,code
0600614000,San Remigio,0,,0600600000,code
0600615000,Sebaste,0,,0600600000,code
0600616000,Sibalom,0,,0600600000,code
0600617000,Tibiao,0,,0600600000,code
0600618000,Valderrama,0,,0600600000,code
0601901000,Cuartero,0,,0601900000,code
0601902000,Dao,0,,0601900000,code
0601903000,Dumalag,0,,0601900000,code
0601904000,Dumarao,0,,0601900000,code
0601905000,Ivisan,0,,0601900000,code
0601906000,Jamindan,0,,0601900000,code
0601907000,Ma-Ayon,0,,0601900000,code
0601908000,Mambusao,0,,0601900000,code
0601909000,Panay,0,,0601900000,code
0601910000,Panitan,0,,0601900000,code
0601911000,Pilar,0,,0601900000,code
0601912000,Pontevedra,0,,0601900000,code
0601913000,President Roxas,0,,0601900000,code
0601914000,City of Roxas,1,CC,0601900000,code
0601915000,Sapi-An,0,,0601900000,code
0601916000,Sigma,0,,0601900000,code
0601917000,Tapaz,0,,0601900000,code
0603001000,Ajuy,0,,0603000000,code
0603002000,Alimodian,0,,0603000000,code
0603003000,Anilao,0,,0603000000,code
0603004000,Badiangan,0,,0603000000,code
0603005000,Balasan,0,,0603000000,code
0603006000,Banate,0,,0603000000,code
0603007000,Barotac Nuevo,0,,0603000000,code
0603008000,Barotac Viejo,0,,0603000000,code
0603009000,Batad,0,,0603000000,code
0603010000,Bingawan,0,,0603000000,code
0603012000,Cabatuan,0,,0603000000,code
0603013000,Calinog,0,,0603000000,code
0603014000,Carles,0,,0603000000,code
0603015000,Concepcion,0,,0603000000,code
0603016000,Dingle,0,,0603000000,code
0603017000,Dueñas,0,,0603000000,code
0603018000,Dumangas,0,,0603000000,code
0603019000,Estancia,0,,0603000000,code
0603020000,Guimbal,0,,0603000000,code
0603021000,Igbaras,0,,0603000000,code
0603023000,Janiuay,0,,0603000000,code
0603025000,Lambunao,0,,0603000000,code
0603026000,Leganes,0,,0603000000,code
0603027000,Lemery,0,,0603000000,code
0603028000,Leon,0,,0603000000,code
0603029000,Maasin,0,,0603000000,code
0603030000,Miagao,0,,0603000000,code
0603031000,Mina,0,,0603000000,code
0603032000,New Lucena,0,,0603000000,code
0603034000,Oton,0,,0603000000,code
0603035000,City of Passi,1,CC,0603000000,code
0603036000,Pavia,0,,0603000000,code
0603037000,Pototan,0,,0603000000,code
0603038000,San Dionisio,0,,0603000000,code
0603039000,San Enrique,0,,0603000000,code
0603040000,San Joaquin,0,,0603000000,code
0603041000,San Miguel,0,,0603000000,code
0603042000,San Rafael,0,,0603000000,code
0603043000,Santa Barbara,0,,0603000000,code
0603044000,Sara,0,,0603000000,code
0603045000,Tigbauan,0,,0603000000,code
0603046000,Tubungan,0,,0603000000,code
0603047000,Zarraga,0,,0603000000,code
0607901000,Buenavista,0,,0607900000,code
0607902000,Jordan,0,,0607900000,code
0607903000,Nueva Valencia,0,,0607900000,code
0607904000,San Lorenzo,0,,0607900000,code
0607905000,Sibunag,0,,0607900000,code
0631000000,City of Iloilo,1,HUC,0603000000,correspondence
0701201000,Alburquerque,0,,0701200000,code
0701202000,Alicia,0,,0701200000,code
0701203000,Anda,0,,0701200000,code
0701204000,Antequera,0,,0701200000,code
0701205000,Baclayon,0,,0701200000,code
0701206000,Balilihan,0,,0701200000,code
0701207000,Batuan,0,,0701200000,code
0701208000,Bilar,0,,0701200000,code
0701209000,Buenavista,0,,0701200000,code
0701210000,Calape,0,,0701200000,code
0701211000,Candijay,0,,0701200000,code
0701212000,Carmen,0,,0701200000,code
0701213000,Catigbian,0,,0701200000,code
0701214000,Clarin,0,,0701200000,code
0701215000,Corella,0,,0701200000,code
0701216000,Cortes,0,,0701200000,code
0701217000,Dagohoy,0,,0701200000,code
0701218000,Danao,0,,0701200000,code
0701219000,Dauis,0,,0701200000,code
0701220000,Dimiao,0,,0701200000,code
0701221000,Duero,0,,0701200000,code
0701222000,Garcia Hernandez,0,,0701200000,code
0701223000,Guindulman,0,,0701200000,code
0701224000,Inabanga,0,,0701200000,code
0701225000,Jagna,0,,0701200000,code
0701226000,Getafe,0,,0701200000,code
0701227000,Lila,0,,0701200000,code
0701228000,Loay,0,,0701200000,code
0701229000,Loboc,0,,0701200000,code
0701230000,Loon,0,,0701200000,code
0701231000,Mabini,0,,0701200000,code
0701232000,Maribojoc,0,,0701200000,code
0701233000,Panglao,0,,0701200000,code
0701234000,Pilar,0,,0701200000,code
0701235000,President Carlos P. Garcia,0,,0701200000,code
0701236000,Sagbayan,0,,0701200000,code
0701237000,San Isidro,0,,0701200000,code
0701238000,San Miguel,0,,0701200000,code
0701239000,Sevilla,0,,0701200000,code
0701240000,Sierra Bullones,0,,0701200000,code
0701241000,Sikatuna,0,,0701200000,code
0701242000,City of Tagbilaran,1,CC,0701200000,code
0701243000,Talibon,0,,0701200000,code
0701244000,Trinidad,0,,0701200000,code
0701245000,Tubigon,0,,0701200000,code
0701246000,Ubay,0,,0701200000,code
0701247000,Valencia,0,,0701200000,code
0701248000,Bien Unido,0,,0701200000,code
0702201000,Alcantara,0,,0702200000,code
0702202000,Alcoy,0,,0702200000,code
0702203000,Alegria,0,,0702200000,code
0702204000,Aloguinsan,0,,0702200000,code
0702205000,Argao,0,,0702200000,code
0702206000,Asturias,0,,0702200000,code
0702207000,Badian,0,,0702200000,code
0702208000,Balamban,0,,0702200000,code
0702209000,Bantayan,0,,0702200000,code
0702210000,Barili,0,,0702200000,code
0702211000,City of Bogo,1,CC,0702200000,code
0702212000,Boljoon,0,,0702200000,code
0702213000,Borbon,0,,0702200000,code
0702214000,City of Carcar,1,CC,0702200000,code
0702215000,Carmen,0,,0702200000,code
0702216000,Catmon,0,,0702200000,code
0702218000,Compostela,0,,0702200000,code
0702219000,Consolacion,0,,0702200000,code
0702220000,Cordova,0,,0702200000,code
0702221000,Daanbantayan,0,,0702200000,code
0702222000,Dalaguete,0,,0702200000,code
0702223000,Danao City,1,CC,0702200000,code
0702224000,Dumanjug,0,,0702200000,code
0702225000,Ginatilan,0,,0702200000,code
0702227000,Liloan,0,,0702200000,code
0702228000,Madridejos,0,,0702200000,code
0702229000,Malabuyoc,0,,0702200000,code
0702231000,Medellin,0,,0702200000,code
0702232000,Minglanilla,0,,0702200000,code
0702233000,Moalboal,0,,0702200000,code
0702234000,City of Naga,1,CC,0702200000,code
0702235000,Oslob,0,,0702200000,code
0702236000,Pilar,0,,0702200000,code
0702237000,Pinamungajan,0,,0702200000,code
0702238000,Poro,0,,0702200000,code
0702239000,Ronda,0,,0702200000,code
0702240000,Samboan,0,,0702200000,code
0702241000,San Fernando,0,,0702200000,code
0702242000,San Francisco,0,,0702200000,code
0702243000,San Remigio,0,,0702200000,code
0702244000,Santa Fe,0,,0702200000,code
0702245000,Santander,0,,0702200000,code
0702246000,Sibonga,0,,0702200000,code
0702247000,Sogod,0,,0702200000,code
0702248000,Tabogon,0,,0702200000,code
0702249000,Tabuelan,0,,0702200000,code
0702250000,City of Talisay,1,CC,0702200000,code
0702251000,City of Toledo,1,CC,0702200000,code
0702252000,Tuburan,0,,0702200000,code
0702253000,Tudela,0,,0702200000,code
0730600000,City of Cebu,1,HUC,0702200000,correspondence
0731100000,City of Lapu-Lapu,1,HUC,0702200000,correspondence
0731300000,City of Mandaue,1,HUC,0702200000,correspondence
0802601000,Arteche,0,,0802600000,code
0802602000,Balangiga,0,,0802600000,code
0802603000,Balangkayan,0,,0802600000,code
0802604000,City of Borongan,1,CC,0802600000,code
0802605000,Can-Avid,0,,0802600000,code
0802606000,Dolores,0,,0802600000,code
0802607000,General Macarthur,0,,0802600000,code
0802608000,Giporlos,0,,0802600000,code
0802609000,Guiuan,0,,0802600000,code
0802610000,Hernani,0,,0802600000,code
0802611000,Jipapad,0,,0802600000,code
0802612000,Lawaan,0,,0802600000,code
0802613000,Llorente,0,,0802600000,code
0802614000,Maslog,0,,0802600000,code
0802615000,Maydolong,0,,0802600000,code
0802616000,Mercedes,0,,0802600000,code
0802617000,Oras,0,,0802600000,code
0802618000,Quinapondan,0,,0802600000,code
0802619000,Salcedo,0,,0802600000,code
0802620000,San Julian,0,,0802600000,code
0802621000,San Policarpo,0,,0802600000,code
0802622000,Sulat,0,,0802600000,code
0802623000,Taft,0,,0802600000,code
0803701000,Abuyog,0,,0803700000,code
0803702000,Alangalang,0,,0803700000,code
0803703000,Albuera,0,,0803700000,code
0803705000,Babatngon,0,,0803700000,code
0803706000,Barugo,0,,0803700000,code
0803707000,Bato,0,,0803700000,code
0803708000,City of Baybay,1,CC,0803700000,code
0803710000,Burauen,0,,0803700000,code
0803713000,Calubian,0,,0803700000,code
0803714000,Capoocan,0,,0803700000,code
0803715000,Carigara,0,,0803700000,code
0803717000,Dagami,0,,0803700000,code
0803718000,Dulag,0,,0803700000,code
0803719000,Hilongos,0,,0803700000,code
0803720000,Hindang,0,,0803700000,code
0803721000,Inopacan,0,,0803700000,code
0803722000,Isabel,0,,0803700000,code
0803723000,Jaro,0,,0803700000,code
0803724000,Javier,0,,0803700000,code
0803725000,Julita,0,,0803700000,code
0803726000,Kananga,0,,0803700000,code
0803728000,La Paz,0,,0803700000,code
0803729000,Leyte,0,,0803700000,code
0803730000,Macarthur,0,,0803700000,code
0803731000,Mahaplag,0,,0803700000,code
0803733000,Matag-Ob,0,,0803700000,code
0803734000,Matalom,0,,0803700000,code
0803735000,Mayorga,0,,0803700000,code
0803736000,Merida,0,,0803700000,code
0803738000,Ormoc City,1,ICC,0803700000,code
0803739000,Palo,0,,0803700000,code
0803740000,Palompon,0,,0803700000,code
0803741000,Pastrana,0,,0803700000,code
0803742000,San Isidro,0,,0803700000,code
0803743000,San Miguel,0,,0803700000,code
0803744000,Santa Fe,0,,0803700000,code
0803745000,Tabango,0,,0803700000,code
0803746000,Tabontabon,0,,0803700000,code
0803748000,Tanauan,0,,0803700000,code
0803749000,Tolosa,0,,0803700000,code
0803750000,Tunga,0,,0803700000,code
0803751000,Villaba,0,,0803700000,code
0804801000,Allen,0,,0804800000,code
0804802000,Biri,0,,0804800000,code
0804803000,Bobon,0,,0804800000,code
0804804000,Capul,0,,0804800000,code
0804805000,Catarman,0,,0804800000,code
0804806000,Catubig,0,,0804800000,code
0804807000,Gamay,0,,0804800000,code
0804808000,Laoang,0,,0804800000,code
0804809000,Lapinig,0,,0804800000,code
0804810000,Las Navas,0,,0804800000,code
0804811000,Lavezares,0,,0804800000,code
0804812000,Mapanas,0,,0804800000,code
0804813000,Mondragon,0,,0804800000,code
0804814000,Palapag,0,,0804800000,code
0804815000,Pambujan,0,,0804800000,code
0804816000,Rosario,0,,0804800000,code
0804817000,San Antonio,0,,0804800000,code
0804818000,San Isidro,0,,0804800000,code
0804819000,San Jose,0,,0804800000,code
0804820000,San Roque,0,,0804800000,code
0804821000,San Vicente,0,,0804800000,code
0804822000,Silvino Lobos,0,,0804800000,code
0804823000,Victoria,0,,0804800000,code
0804824000,Lope De Vega,0,,0804800000,code
0806001000,Almagro,0,,0806000000,code
0806002000,Basey,0,,0806000000,code
0806003000,City of Calbayog,1,CC,0806000000,code
0806004000,Calbiga,0,,0806000000,code
0806005000,City of Catbalogan,1,CC,0806000000,code
0806006000,Daram,0,,0806000000,code
0806007000,Gandara,0,,0806000000,code
0806008000,Hinabangan,0,,0806000000,code
0806009000,Jiabong,0,,0806000000,code
0806010000,Marabut,0,,0806000000,code
0806011000,Matuguinao,0,,0806000000,code
0806012000,Motiong,0,,0806000000,code
0806013000,Pinabacdao,0,,0806000000,code
0806014000,San Jose De Buan,0,,0806000000,code
0806015000,San Sebastian,0,,0806000000,code
0806016000,Santa Margarita,0,,0806000000,code
0806017000,Santa Rita,0,,0806000000,code
0806018000,Santo Niño,0,,0806000000,code
0806019000,Talalora,0,,0806000000,code
0806020000,Tarangnan,0,,0806000000,code
0806021000,Villareal,0,,0806000000,code
0806022000,Paranas,0,,0806000000,code
0806023000,Zumarraga,0,,0806000000,code
0806024000,Tagapul-An,0,,0806000000,code
0806025000,San Jorge,0,,0806000000,code
0806026000,Pagsanghan,0,,0806000000,code
0806401000,Anahawan,0,,0806400000,code
0806402000,Bontoc,0,,0806400000,code
0806403000,Hinunangan,0,,0806400000,code
0806404000,Hinundayan,0,,0806400000,code
0806405000,Libagon,0,,0806400000,code
0806406000,Liloan,0,,0806400000,code
0806407000,City of Maasin,1,CC,0806400000,code
0806408000,Macrohon,0,,0806400000,code
0806409000,Malitbog,0,,0806400000,code
0806410000,Padre Burgos,0,,0806400000,code
0806411000,Pintuyan,0,,0806400000,code
0806412000,Saint Bernard,0,,0806400000,code
0806413000,San Francisco,0,,0806400000,code
0806414000,San Juan,0,,0806400000,code
0806415000,San Ricardo,0,,0806400000,code
0806416000,Silago,0,,0806400000,code
0806417000,Sogod,0,,0806400000,code
0806418000,Tomas Oppus,0,,0806400000,code
0806419000,Limasawa,0,,0806400000,code
0807801000,Almeria,0,,0807800000,code
0807802000,Biliran,0,,0807800000,code
0807803000,Cabucgayan,0,,0807800000,code
0807804000,Caibiran,0,,0807800000,code
0807805000,Culaba,0,,0807800000,code
0807806000,Kawayan,0,,0807800000,code
0807807000,Maripipi,0,,0807800000,code
0807808000,Naval,0,,0807800000,code
0831600000,City of Tacloban,1,HUC,0803700000,correspondence
0906601000,Indanan,0,,0906600000,code
0906602000,Jolo,0,,0906600000,code
0906603000,Kalingalan Caluang,0,,0906600000,code
0906604000,Luuk,0,,0906600000,code
0906605000,Maimbung,0,,0906600000,code
0906606000,Hadji Panglima Tahil,0,,0906600000,code
0906607000,Old Panamao,0,,0906600000,code
0906608000,Pangutaran,0,,0906600000,code
0906609000,Parang,0,,0906600000,code
0906610000,Pata,0,,0906600000,code
0906611000,Patikul,0,,0906600000,code
0906612000,Siasi,0,,0906600000,code
0906613000,Talipao,0,,0906600000,code
0906614000,Tapul,0,,0906600000,code
0906615000,Tongkil,0,,0906600000,code
0906616000,Panglima Estino,0,,0906600000,code
0906617000,Lugus,0,,0906600000,code
0906618000,Pandami,0,,0906600000,code
0906619000,Omar,0,,0906600000,code
0907201000,City of Dapitan,1,CC,0907200000,code
0907202000,City of Dipolog,1,CC,0907200000,code
0907203000,Katipunan,0,,0907200000,code
0907204000,La Libertad,0,,0907200000,code
0907205000,Labason,0,,0907200000,code
0907206000,Liloy,0,,0907200000,code
0907207000,Manukan,0,,0907200000,code
0907208000,Mutia,0,,0907200000,code
0907209000,Piñan,0,,0907200000,code
0907210000,Polanco,0,,0907200000,code
0907211000,Pres. Manuel A. Roxas,0,,0907200000,code
0907212000,Rizal,0,,0907200000,code
0907213000,Salug,0,,0907200000,code
0907214000,Sergio Osmeña Sr.,0,,0907200000,code
0907215000,Siayan,0,,0907200000,code
0907216000,Sibuco,0,,0907200000,code
0907217000,Sibutad,0,,0907200000,code
0907218000,Sindangan,0,,0907200000,code
0907219000,Siocon,0,,0907200000,code
0907220000,Sirawai,0,,0907200000,code
0907221000,Tampilisan,0,,0907200000,code
0907222000,Jose Dalman,0,,0907200000,code
0907223000,Gutalac,0,,0907200000,code
0907224000,Baliguian,0,,0907200000,code
0907225000,Godod,0,,0907200000,code
0907226000,Leon T. Postigo,0,,0907200000,code
0907227000,Kalawit,0,,0907200000,code
0907302000,Aurora,0,,0907300000,code
0907303000,Bayog,0,,0907300000,code
0907305000,Dimataling,0,,0907300000,code
0907306000,Dinas,0,,0907300000,code
0907307000,Dumalinao,0,,0907300000,code
0907308000,Dumingag,0,,0907300000,code
0907311000,Kumalarang,0,,0907300000,code
0907312000,Labangan,0,,0907300000,code
0907313000,Lapuyan,0,,0907300000,code
0907315000,Mahayag,0,,0907300000,code
0907317000,Margosatubig,0,,0907300000,code
0907318000,Midsalip,0,,0907300000,code
0907319000,Molave,0,,0907300000,code
0907322000,City of Pagadian,1,CC,0907300000,code
0907323000,Ramon Magsaysay,0,,0907300000,code
0907324000,San Miguel,0,,0907300000,code
0907325000,San Pablo,0,,0907300000,code
0907327000,Tabina,0,,0907300000,code
0907328000,Tambulig,0,,0907300000,code
0907330000,Tukuran,0,,0907300000,code
0907333000,Lakewood,0,,0907300000,code
0907337000,Josefina,0,,0907300000,code
0907338000,Pitogo,0,,0907300000,code
0907340000,Sominot,0,,0907300000,code
0907341000,Vincenzo A. Sagun,0,,0907300000,code
0907343000,Guipos,0,,0907300000,code
0907344000,Tigbao,0,,0907300000,code
0908301000,Alicia,0,,0908300000,code
0908302000,Buug,0,,0908300000,code
0908303000,Diplahan,0,,0908300000,code
0908304000,Imelda,0,,0908300000,code
0908305000,Ipil,0,,0908300000,code
0908306000,Kabasalan,0,,0908300000,code
0908307000,Mabuhay,0,,0908300000,code
0908308000,Malangas,0,,0908300000,code
0908309000,Naga,0,,0908300000,code
0908310000,Olutanga,0,,0908300000,code
0908311000,Payao,0,,0908300000,code
0908312000,Roseller Lim,0,,0908300000,code
0908313000,Siay,0,,0908300000,code
0908314000,Talusan,0,,0908300000,code
0908315000,Titay,0,,0908300000,code
0908316000,Tungawan,0,,0908300000,code
0931700000,City of Zamboanga,1,HUC,0907300000,correspondence
0990101000,City of Isabela,1,CC,1900700000,psa-note-isabela
1001301000,Baungon,0,,1001300000,code
1001302000,Damulog,0,,1001300000,code
1001303000,Dangcagan,0,,1001300000,code
1001304000,Don Carlos,0,,1001300000,code
1001305000,Impasug-ong,0,,1001300000,code
1001306000,Kadingilan,0,,1001300000,code
1001307000,Kalilangan,0,,1001300000,code
1001308000,Kibawe,0,,1001300000,code
1001309000,Kitaotao,0,,1001300000,code
1001310000,Lantapan,0,,1001300000,code
1001311000,Libona,0,,1001300000,code
1001312000,City of Malaybalay,1,CC,1001300000,code
1001313000,Malitbog,0,,1001300000,code
1001314000,Manolo Fortich,0,,1001300000,code
1001315000,Maramag,0,,1001300000,code
1001316000,Pangantucan,0,,1001300000,code
1001317000,Quezon,0,,1001300000,code
1001318000,San Fernando,0,,1001300000,code
1001319000,Sumilao,0,,1001300000,code
1001320000,Talakag,0,,1001300000,code
1001321000,City of Valencia,1,CC,1001300000,code
1001322000,Cabanglasan,0,,1001300000,code
1001801000,Catarman,0,,1001800000,code
1001802000,Guinsiliban,0,,1001800000,code
1001803000,Mahinog,0,,1001800000,code
1001804000,Mambajao,0,,1001800000,code
1001805000,Sagay,0,,1001800000,code
1003501000,Bacolod,0,,1003500000,code
1003502000,Baloi,0,,1003500000,code
1003503000,Baroy,0,,1003500000,code
1003505000,Kapatagan,0,,1003500000,code
1003506000,Sultan Naga Dimaporo,0,,1003500000,code
1003507000,Kauswagan,0,,1003500000,code
1003508000,Kolambugan,0,,1003500000,code
1003509000,Lala,0,,1003500000,code
1003510000,Linamon,0,,1003500000,code
1003511000,Magsaysay,0,,1003500000,code
1003512000,Maigo,0,,1003500000,code
1003513000,Matungao,0,,1003500000,code
1003514000,Munai,0,,1003500000,code
1003515000,Nunungan,0,,1003500000,code
1003516000,Pantao Ragat,0,,1003500000,code
1003517000,Poona Piagapo,0,,1003500000,code
1003518000,Salvador,0,,1003500000,code
1003519000,Sapad,0,,1003500000,code
1003520000,Tagoloan,0,,1003500000,code
1003521000,Tangcal,0,,1003500000,code
1003522000,Tubod,0,,1003500000,code
1003523000,Pantar,0,,1003500000,code
1004201000,Aloran,0,,1004200000,code
1004202000,Baliangao,0,,1004200000,code
1004203000,Bonifacio,0,,1004200000,code
1004204000,Calamba,0,,1004200000,code
1004205000,Clarin,0,,1004200000,code
1004206000,Concepcion,0,,1004200000,code
1004207000,Jimenez,0,,1004200000,code
1004208000,Lopez Jaena,0,,1004200000,code
1004209000,City of Oroquieta,1,CC,1004200000,code
1004210000,City of Ozamiz,1,CC,1004200000,code
1004211000,Panaon,0,,1004200000,code
1004212000,Plaridel,0,,1004200000,code
1004213000,Sapang Dalaga,0,,1004200000,code
1004214000,Sinacaban,0,,1004200000,code
1004215000,City of Tangub,1,CC,1004200000,code
1004216000,Tudela,0,,1004200000,code
1004217000,Don Victoriano,0,,1004200000,code
1004301000,Alubijid,0,,1004300000,code
1004302000,Balingasag,0,,1004300000,code
1004303000,Balingoan,0,,1004300000,code
1004304000,Binuangan,0,,1004300000,code
1004306000,Claveria,0,,1004300000,code
1004307000,City of El Salvador,1,CC,1004300000,code
1004308000,City of Gingoog,1,CC,1004300000,code
1004309000,Gitagum,0,,1004300000,code
1004310000,Initao,0,,1004300000,code
1004311000,Jasaan,0,,1004300000,code
1004312000,Kinoguitan,0,,1004300000,code
1004313000,Lagonglong,0,,1004300000,code
1004314000,Laguindingan,0,,1004300000,code
1004315000,Libertad,0,,1004300000,code
1004316000,Lugait,0,,1004300000,code
1004317000,Magsaysay,0,,1004300000,code
1004318000,Manticao,0,,1004300000,code
1004319000,Medina,0,,1004300000,code
1004320000,Naawan,0,,1004300000,code
1004321000,Opol,0,,1004300000,code
1004322000,Salay,0,,1004300000,code
1004323000,Sugbongcogon,0,,1004300000,code
1004324000,Tagoloan,0,,1004300000,code
1004325000,Talisayan,0,,1004300000,code
1004326000,Villanueva,0,,1004300000,code
1030500000,City of Cagayan De Oro,1,HUC,1004300000,correspondence
1030900000,City of Iligan,1,HUC,1003500000,correspondence
1102301000,Asuncion,0,,1102300000,code
1102303000,Carmen,0,,1102300000,code
1102305000,Kapalong,0,,1102300000,code
1102314000,New Corella,0,,1102300000,code
1102315000,City of Panabo,1,CC,1102300000,code
1102317000,Island Garden City of Samal,1,CC,1102300000,code
1102318000,Santo Tomas,0,,1102300000,code
1102319000,City of Tagum,1,CC,1102300000,code
1102322000,Talaingod,0,,1102300000,code
1102323000,Braulio E. Dujali,0,,1102300000,code
1102324000,Sawata,0,,1102300000,code
1102401000,Bansalan,0,,1102400000,code
1102403000,City of Digos,1,CC,1102400000,code
1102404000,Hagonoy,0,,1102400000,code
1102406000,Kiblawan,0,,1102400000,code
1102407000,Magsaysay,0,,1102400000,code
1102408000,Malalag,0,,1102400000,code
1102410000,Matanao,0,,1102400000,code
1102411000,Padada,0,,1102400000,code
1102412000,Santa Cruz,0,,1102400000,code
1102414000,Sulop,0,,1102400000,code
1102501000,Baganga,0,,1102500000,code
1102502000,Banaybanay,0,,1102500000,code
1102503000,Boston,0,,1102500000,code
1102504000,Caraga,0,,1102500000,code
1102505000,Cateel,0,,1102500000,code
1102506000,Governor Generoso,0,,1102500000,code
1102507000,Lupon,0,,1102500000,code
1102508000,Manay,0,,1102500000,code
1102509000,City of Mati,1,CC,1102500000,code
1102510000,San Isidro,0,,1102500000,code
1102511000,Tarragona,0,,1102500000,code
1108201000,Compostela,0,,1108200000,code
1108202000,Laak,0,,1108200000,code
1108203000,Mabini,0,,1108200000,code
1108204000,Maco,0,,1108200000,code
1108205000,Maragusan,0,,1108200000,code
1108206000,Mawab,0,,1108200000,code
1108207000,Monkayo,0,,1108200000,code
1108208000,Montevista,0,,1108200000,code
1108209000,Nabunturan,0,,1108200000,code
1108210000,New Bataan,0,,1108200000,code
1108211000,Pantukan,0,,1108200000,code
1108601000,Don Marcelino,0,,1108600000,code
1108602000,Jose Abad Santos,0,,1108600000,code
1108603000,Malita,0,,1108600000,code
1108604000,Santa Maria,0,,1108600000,code
1108605000,Sarangani,0,,1108600000,code
1130700000,City of Davao,1,HUC,1102400000,correspondence
1204701000,Alamada,0,,1204700000,code
1204702000,Carmen,0,,1204700000,code
1204703000,Kabacan,0,,1204700000,code
1204704000,City of Kidapawan,1,CC,1204700000,code
1204705000,Libungan,0,,1204700000,code
1204706000,Magpet,0,,1204700000,code
1204707000,Makilala,0,,1204700000,code
1204708000,Matalam,0,,1204700000,code
1204709000,Midsayap,0,,1204700000,code
1204710000,M'Lang,0,,1204700000,code
1204711000,Pigkawayan,0,,1204700000,code
1204712000,Pikit,0,,1204700000,code
1204713000,President Roxas,0,,1204700000,code
1204714000,Tulunan,0,,1204700000,code
1204715000,Antipas,0,,1204700000,code
1204716000,Banisilan,0,,1204700000,code
1204717000,Aleosan,0,,1204700000,code
1204718000,Arakan,0,,1204700000,code
1206302000,Banga,0,,1206300000,code
1206306000,City of Koronadal,1,CC,1206300000,code
1206311000,Norala,0,,1206300000,code
1206312000,Polomolok,0,,1206300000,code
1206313000,Surallah,0,,1206300000,code
1206314000,Tampakan,0,,1206300000,code
1206315000,Tantangan,0,,1206300000,code
1206316000,T'Boli,0,,1206300000,code
1206317000,Tupi,0,,1206300000,code
1206318000,Santo Niño,0,,1206300000,code
1206319000,Lake Sebu,0,,1206300000,code
1206501000,Bagumbayan,0,,1206500000,code
1206502000,Columbio,0,,1206500000,code
1206503000,Esperanza,0,,1206500000,code
1206504000,Isulan,0,,1206500000,code
1206505000,Kalamansig,0,,1206500000,code
1206506000,Lebak,0,,1206500000,code
1206507000,Lutayan,0,,1206500000,code
1206508000,Lambayong,0,,1206500000,code
1206509000,Palimbang,0,,1206500000,code
1206510000,President Quirino,0,,1206500000,code
1206511000,City of Tacurong,1,CC,1206500000,code
1206512000,Sen. Ninoy Aquino,0,,1206500000,code
1208001000,Alabel,0,,1208000000,code
1208002000,Glan,0,,1208000000,code
1208003000,Kiamba,0,,1208000000,code
1208004000,Maasim,0,,1208000000,code
1208005000,Maitum,0,,1208000000,code
1208006000,Malapatan,0,,1208000000,code
1208007000,Malungon,0,,1208000000,code
1230800000,City of General Santos,1,HUC,1206300000,correspondence
1380100000,City of Caloocan,1,HUC,1300000000,ncr
1380200000,City of Las Piñas,1,HUC,1300000000,ncr
1380300000,City of Makati,1,HUC,1300000000,ncr
1380400000,City of Malabon,1,HUC,1300000000,ncr
1380500000,City of Mandaluyong,1,HUC,1300000000,ncr
1380600000,City of Manila,1,HUC,1300000000,ncr
1380700000,City of Marikina,1,HUC,1300000000,ncr
1380800000,City of Muntinlupa,1,HUC,1300000000,ncr
1380900000,City of Navotas,1,HUC,1300000000,ncr
1381000000,City of Parañaque,1,HUC,1300000000,ncr
1381100000,Pasay City,1,HUC,1300000000,ncr
1381200000,City of Pasig,1,HUC,1300000000,ncr
1381300000,Quezon City,1,HUC,1300000000,ncr
1381400000,City of San Juan,1,HUC,1300000000,ncr
1381500000,City of Taguig,1,HUC,1300000000,ncr
1381600000,City of Valenzuela,1,HUC,1300000000,ncr
1381701000,Pateros,0,,1300000000,ncr
1400101000,Bangued,0,,1400100000,code
1400102000,Boliney,0,,1400100000,code
1400103000,Bucay,0,,1400100000,code
1400104000,Bucloc,0,,1400100000,code
1400105000,Daguioman,0,,1400100000,code
1400106000,Danglas,0,,1400100000,code
1400107000,Dolores,0,,1400100000,code
1400108000,La Paz,0,,1400100000,code
1400109000,Lacub,0,,1400100000,code
1400110000,Lagangilang,0,,1400100000,code
1400111000,Lagayan,0,,1400100000,code
1400112000,Langiden,0,,1400100000,code
1400113000,Licuan-Baay,0,,1400100000,code
1400114000,Luba,0,,1400100000,code
1400115000,Malibcong,0,,1400100000,code
1400116000,Manabo,0,,1400100000,code
1400117000,Peñarrubia,0,,1400100000,code
1400118000,Pidigan,0,,1400100000,code
1400119000,Pilar,0,,1400100000,code
1400120000,Sallapadan,0,,1400100000,code
1400121000,San Isidro,0,,1400100000,code
1400122000,San Juan,0,,1400100000,code
1400123000,San Quintin,0,,1400100000,code
1400124000,Tayum,0,,1400100000,code
1400125000,Tineg,0,,1400100000,code
1400126000,Tubo,0,,1400100000,code
1400127000,Villaviciosa,0,,1400100000,code
1401101000,Atok,0,,1401100000,code
1401103000,Bakun,0,,1401100000,code
1401104000,Bokod,0,,1401100000,code
1401105000,Buguias,0,,1401100000,code
1401106000,Itogon,0,,1401100000,code
1401107000,Kabayan,0,,1401100000,code
1401108000,Kapangan,0,,1401100000,code
1401109000,Kibungan,0,,1401100000,code
1401110000,La Trinidad,0,,1401100000,code
1401111000,Mankayan,0,,1401100000,code
1401112000,Sablan,0,,1401100000,code
1401113000,Tuba,0,,1401100000,code
1401114000,Tublay,0,,1401100000,code
1402701000,Banaue,0,,1402700000,code
1402702000,Hungduan,0,,1402700000,code
1402703000,Kiangan,0,,1402700000,code
1402704000,Lagawe,0,,1402700000,code
1402705000,Lamut,0,,1402700000,code
1402706000,Mayoyao,0,,1402700000,code
1402707000,Alfonso Lista,0,,1402700000,code
1402708000,Aguinaldo,0,,1402700000,code
1402709000,Hingyon,0,,1402700000,code
1402710000,Tinoc,0,,1402700000,code
1402711000,Asipulo,0,,1402700000,code
1403201000,Balbalan,0,,1403200000,code
1403206000,Lubuagan,0,,1403200000,code
1403208000,Pasil,0,,1403200000,code
1403209000,Pinukpuk,0,,1403200000,code
1403211000,Rizal,0,,1403200000,code
1403213000,City of Tabuk,1,CC,1403200000,code
1403214000,Tanudan,0,,1403200000,code
1403215000,Tinglayan,0,,1403200000,code
1404401000,Barlig,0,,1404400000,code
1404402000,Bauko,0,,1404400000,code
1404403000,Besao,0,,1404400000,code
1404404000,Bontoc,0,,1404400000,code
1404405000,Natonin,0,,1404400000,code
1404406000,Paracelis,0,,1404400000,code
1404407000,Sabangan,0,,1404400000,code
1404408000,Sadanga,0,,1404400000,code
1404409000,Sagada,0,,1404400000,code
1404410000,Tadian,0,,1404400000,code
1408101000,Calanasan,0,,1408100000,code
1408102000,Conner,0,,1408100000,code
1408103000,Flora,0,,1408100000,code
1408104000,Kabugao,0,,1408100000,code
1408105000,Luna,0,,1408100000,code
1408106000,Pudtol,0,,1408100000,code
1408107000,Santa Marcela,0,,1408100000,code
1430300000,City of Baguio,1,HUC,1401100000,correspondence
1600201000,Buenavista,0,,1600200000,code
1600203000,City of Cabadbaran,1,CC,1600200000,code
1600204000,Carmen,0,,1600200000,code
1600205000,Jabonga,0,,1600200000,code
1600206000,Kitcharao,0,,1600200000,code
1600207000,Las Nieves,0,,1600200000,code
1600208000,Magallanes,0,,1600200000,code
1600209000,Nasipit,0,,1600200000,code
1600210000,Santiago,0,,1600200000,code
1600211000,Tubay,0,,1600200000,code
1600212000,Remedios T. Romualdez,0,,1600200000,code
1600301000,City of Bayugan,1,CC,1600300000,code
1600302000,Bunawan,0,,1600300000,code
1600303000,Esperanza,0,,1600300000,code
1600304000,La Paz,0,,1600300000,code
1600305000,Loreto,0,,1600300000,code
1600306000,Prosperidad,0,,1600300000,code
1600307000,Rosario,0,,1600300000,code
1600308000,San Francisco,0,,1600300000,code
1600309000,San Luis,0,,1600300000,code
1600310000,Santa Josefa,0,,1600300000,code
1600311000,Talacogon,0,,1600300000,code
1600312000,Trento,0,,1600300000,code
1600313000,Veruela,0,,1600300000,code
1600314000,Sibagat,0,,1600300000,code
1606701000,Alegria,0,,1606700000,code
1606702000,Bacuag,0,,1606700000,code
1606704000,Burgos,0,,1606700000,code
1606706000,Claver,0,,1606700000,code
1606707000,Dapa,0,,1606700000,code
1606708000,Del Carmen,0,,1606700000,code
1606710000,General Luna,0,,1606700000,code
1606711000,Gigaquit,0,,1606700000,code
1606714000,Mainit,0,,1606700000,code
1606715000,Malimono,0,,1606700000,code
1606716000,Pilar,0,,1606700000,code
1606717000,Placer,0,,1606700000,code
1606718000,San Benito,0,,1606700000,code
1606719000,San Francisco,0,,1606700000,code
1606720000,San Isidro,0,,1606700000,code
1606721000,Santa Monica,0,,1606700000,code
1606722000,Sison,0,,1606700000,code
1606723000,Socorro,0,,1606700000,code
1606724000,City of Surigao,1,CC,1606700000,code
1606725000,Tagana-An,0,,1606700000,code
1606727000,Tubod,0,,1606700000,code
1606801000,Barobo,0,,1606800000,code
1606802000,Bayabas,0,,1606800000,code
1606803000,City of Bislig,1,CC,1606800000,code
1606804000,Cagwait,0,,1606800000,code
1606805000,Cantilan,0,,1606800000,code
1606806000,Carmen,0,,1606800000,code
1606807000,Carrascal,0,,1606800000,code
1606808000,Cortes,0,,1606800000,code
1606809000,Hinatuan,0,,1606800000,code
1606810000,Lanuza,0,,1606800000,code
1606811000,Lianga,0,,1606800000,code
1606812000,Lingig,0,,1606800000,code
1606813000,Madrid,0,,1606800000,code
1606814000,Marihatag,0,,1606800000,code
1606815000,San Agustin,0,,1606800000,code
1606816000,San Miguel,0,,1606800000,code
1606817000,Tagbina,0,,1606800000,code
1606818000,Tago,0,,1606800000,code
1606819000,City of Tandag,1,CC,1606800000,code
1608501000,Basilisa,0,,1608500000,code
1608502000,Cagdianao,0,,1608500000,code
1608503000,Dinagat,0,,1608500000,code
1608504000,Libjo,0,,1608500000,code
1608505000,Loreto,0,,1608500000,code
1608506000,San Jose,0,,1608500000,code
1608507000,Tubajon,0,,1608500000,code
1630400000,City of Butuan,1,HUC,1600200000,correspondence
1704001000,Boac,0,,1704000000,code
1704002000,Buenavista,0,,1704000000,code
1704003000,Gasan,0,,1704000000,code
1704004000,Mogpog,0,,1704000000,code
1704005000,Santa Cruz,0,,1704000000,code
1704006000,Torrijos,0,,1704000000,code
1705101000,Abra De Ilog,0,,1705100000,code
1705102000,Calintaan,0,,1705100000,code
1705103000,Looc,0,,1705100000,code
1705104000,Lubang,0,,1705100000,code
1705105000,Magsaysay,0,,1705100000,code
1705106000,Mamburao,0,,1705100000,code
1705107000,Paluan,0,,1705100000,code
1705108000,Rizal,0,,1705100000,code
1705109000,Sablayan,0,,1705100000,code
1705110000,San Jose,0,,1705100000,code
1705111000,Santa Cruz,0,,1705100000,code
1705201000,Baco,0,,1705200000,code
1705202000,Bansud,0,,1705200000,code
1705203000,Bongabong,0,,1705200000,code
1705204000,Bulalacao,0,,1705200000,code
1705205000,City of Calapan,1,CC,1705200000,code
1705206000,Gloria,0,,1705200000,code
1705207000,Mansalay,0,,1705200000,code
1705208000,Naujan,0,,1705200000,code
1705209000,Pinamalayan,0,,1705200000,code
1705210000,Pola,0,,1705200000,code
1705211000,Puerto Galera,0,,1705200000,code
1705212000,Roxas,0,,1705200000,code
1705213000,San Teodoro,0,,1705200000,code
1705214000,Socorro,0,,1705200000,code
1705215000,Victoria,0,,1705200000,code
1705301000,Aborlan,0,,1705300000,code
1705302000,Agutaya,0,,1705300000,code
1705303000,Araceli,0,,1705300000,code
1705304000,Balabac,0,,1705300000,code
1705305000,Bataraza,0,,1705300000,code
1705306000,Brooke's Point,0,,1705300000,code
1705307000,Busuanga,0,,1705300000,code
1705308000,Cagayancillo,0,,1705300000,code
1705309000,Coron,0,,1705300000,code
1705310000,Cuyo,0,,1705300000,code
1705311000,Dumaran,0,,1705300000,code
1705312000,El Nido,0,,1705300000,code
1705313000,Linapacan,0,,1705300000,code
1705314000,Magsaysay,0,,1705300000,code
1705315000,Narra,0,,1705300000,code
1705317000,Quezon,0,,1705300000,code
1705318000,Roxas,0,,1705300000,code
1705319000,San Vicente,0,,1705300000,code
1705320000,Taytay,0,,1705300000,code
1705321000,Kalayaan,0,,1705300000,code
1705322000,Culion,0,,1705300000,code
1705323000,Dr. Jose P. Rizal,0,,1705300000,code
1705324000,Sofronio Española,0,,1705300000,code
1705901000,Alcantara,0,,1705900000,code
1705902000,Banton,0,,1705900000,code
1705903000,Cajidiocan,0,,1705900000,code
1705904000,Calatrava,0,,1705900000,code
1705905000,Concepcion,0,,1705900000,code
1705906000,Corcuera,0,,1705900000,code
1705907000,Looc,0,,1705900000,code
1705908000,Magdiwang,0,,1705900000,code
1705909000,Odiongan,0,,1705900000,code
1705910000,Romblon,0,,1705900000,code
1705911000,San Agustin,0,,1705900000,code
1705912000,San Andres,0,,1705900000,code
1705913000,San Fernando,0,,1705900000,code
1705914000,San Jose,0,,1705900000,code
1705915000,Santa Fe,0,,1705900000,code
1705916000,Ferrol,0,,1705900000,code
1705917000,Santa Maria,0,,1705900000,code
1731500000,City of Puerto Princesa,1,HUC,1705300000,correspondence
1804502000,City of Bago,1,CC,1804500000,code
1804503000,Binalbagan,0,,1804500000,code
1804504000,City of Cadiz,1,CC,1804500000,code
1804505000,Calatrava,0,,1804500000,code
1804506000,Candoni,0,,1804500000,code
1804507000,Cauayan,0,,1804500000,code
1804508000,Enrique B. Magalona,0,,1804500000,code
1804509000,City of Escalante,1,CC,1804500000,code
1804510000,City of Himamaylan,1,CC,1804500000,code
1804511000,Hinigaran,0,,1804500000,code
1804512000,Hinoba-an,0,,1804500000,code
1804513000,Ilog,0,,1804500000,code
1804514000,Isabela,0,,1804500000,code
1804515000,City of Kabankalan,1,CC,1804500000,code
1804516000,City of La Carlota,1,CC,1804500000,code
1804517000,La Castellana,0,,1804500000,code
1804518000,Manapla,0,,1804500000,code
1804519000,Moises Padilla,0,,1804500000,code
1804520000,Murcia,0,,1804500000,code
1804521000,Pontevedra,0,,1804500000,code
1804522000,Pulupandan,0,,1804500000,code
1804523000,City of Sagay,1,CC,1804500000,code
1804524000,City of San Carlos,1,CC,1804500000,code
1804525000,San Enrique,0,,1804500000,code
1804526000,City of Silay,1,CC,1804500000,code
1804527000,City of Sipalay,1,CC,1804500000,code
1804528000,City of Talisay,1,CC,1804500000,code
1804529000,Toboso,0,,1804500000,code
1804530000,Valladolid,0,,1804500000,code
1804531000,City of Victorias,1,CC,1804500000,code
1804532000,Salvador Benedicto,0,,1804500000,code
1804601000,Amlan,0,,1804600000,code
1804602000,Ayungon,0,,1804600000,code
1804603000,Bacong,0,,1804600000,code
1804604000,City of Bais,1,CC,1804600000,code
1804605000,Basay,0,,1804600000,code
1804606000,City of Bayawan,1,CC,1804600000,code
1804607000,Bindoy,0,,1804600000,code
1804608000,City of Canlaon,1,CC,1804600000,code
1804609000,Dauin,0,,1804600000,code
1804610000,City of Dumaguete,1,CC,1804600000,code
1804611000,City of Guihulngan,1,CC,1804600000,code
1804612000,Jimalalud,0,,1804600000,code
1804613000,La Libertad,0,,1804600000,code
1804614000,Mabinay,0,,1804600000,code
1804615000,Manjuyod,0,,1804600000,code
1804616000,Pamplona,0,,1804600000,code
1804617000,San Jose,0,,1804600000,code
1804618000,Santa Catalina,0,,1804600000,code
1804619000,Siaton,0,,1804600000,code
1804620000,Sibulan,0,,1804600000,code
1804621000,City of Tanjay,1,CC,1804600000,code
1804622000,Tayasan,0,,1804600000,code
1804623000,Valencia,0,,1804600000,code
1804624000,Vallehermoso,0,,1804600000,code
1804625000,Zamboanguita,0,,1804600000,code
1806101000,Enrique Villanueva,0,,1806100000,code
1806102000,Larena,0,,1806100000,code
1806103000,Lazi,0,,1806100000,code
1806104000,Maria,0,,1806100000,code
1806105000,San Juan,0,,1806100000,code
1806106000,Siquijor,0,,1806100000,code
1830200000,City of Bacolod,1,HUC,1804500000,correspondence
1900702000,City of Lamitan,1,CC,1900700000,code
1900703000,Lantawan,0,,1900700000,code
1900704000,Maluso,0,,1900700000,code
1900705000,Sumisip,0,,1900700000,code
1900706000,Tipo-Tipo,0,,1900700000,code
1900707000,Tuburan,0,,1900700000,code
1900708000,Akbar,0,,1900700000,code
1900709000,Al-Barka,0,,1900700000,code
1900710000,Hadji Mohammad Ajul,0,,1900700000,code
1900711000,Ungkaya Pukan,0,,1900700000,code
1900712000,Hadji Muhtamad,0,,1900700000,code
1900713000,Tabuan-Lasa,0,,1900700000,code
1903601000,Bacolod-Kalawi,0,,1903600000,code
1903602000,Balabagan,0,,1903600000,code
1903603000,Balindong,0,,1903600000,code
1903604000,Bayang,0,,1903600000,code
1903605000,Binidayan,0,,1903600000,code
1903606000,Bubong,0,,1903600000,code
1903607000,Butig,0,,1903600000,code
1903609000,Ganassi,0,,1903600000,code
1903610000,Kapai,0,,1903600000,code
1903611000,Lumba-Bayabao,0,,1903600000,code
1903612000,Lumbatan,0,,1903600000,code
1903613000,Madalum,0,,1903600000,code
1903614000,Madamba,0,,1903600000,code
1903615000,Malabang,0,,1903600000,code
1903616000,Marantao,0,,1903600000,code
1903617000,City of Marawi,1,CC,1903600000,code
1903618000,Masiu,0,,1903600000,code
1903619000,Mulondo,0,,1903600000,code
1903620000,Pagayawan,0,,1903600000,code
1903621000,Piagapo,0,,1903600000,code
1903622000,Poona Bayabao,0,,1903600000,code
1903623000,Pualas,0,,1903600000,code
1903624000,Ditsaan-Ramain,0,,1903600000,code
1903625000,Saguiaran,0,,1903600000,code
1903626000,Tamparan,0,,1903600000,code
1903627000,Taraka,0,,1903600000,code
1903628000,Tubaran,0,,1903600000,code
1903629000,Tugaya,0,,1903600000,code
1903630000,Wao,0,,1903600000,code
1903631000,Marogong,0,,1903600000,code
1903632000,Calanogas,0,,1903600000,code
1903633000,Buadiposo-Buntong,0,,1903600000,code
1903634000,Maguing,0,,1903600000,code
1903635000,Picong,0,,1903600000,code
1903636000,Lumbayanague,0,,1903600000,code
1903637000,Amai Manabilang,0,,1903600000,code
1903638000,Tagoloan II,0,,1903600000,code
1903639000,Kapatagan,0,,1903600000,code
1903640000,Sultan Dumalondong,0,,1903600000,code
1903641000,Lumbaca-Unayan,0,,1903600000,code
1907001000,Panglima Sugala,0,,1907000000,code
1907002000,Bongao,0,,1907000000,code
1907003000,Mapun,0,,1907000000,code
1907004000,Simunul,0,,1907000000,code
1907005000,Sitangkai,0,,1907000000,code
1907006000,South Ubian,0,,1907000000,code
1907007000,Tandubas,0,,1907000000,code
1907008000,Turtle Islands,0,,1907000000,code
1907009000,Languyan,0,,1907000000,code
1907010000,Sapa-Sapa,0,,1907000000,code
1907011000,Sibutu,0,,1907000000,code
1908701000,Barira,0,,1908700000,code
1908702000,Buldon,0,,1908700000,code
1908703000,City of Cotabato,1,ICC,1908700000,code
1908704000,Datu Blah T. Sinsuat,0,,1908700000,code
1908705000,Datu Odin Sinsuat,0,,1908700000,code
1908706000,Kabuntalan,0,,1908700000,code
1908707000,Matanog,0,,1908700000,code
1908708000,Northern Kabuntalan,0,,1908700000,code
1908709000,Parang,0,,1908700000,code
1908710000,Sultan Kudarat,0,,1908700000,code
1908711000,Sultan Mastura,0,,1908700000,code
1908712000,Talitay,0,,1908700000,code
1908713000,Upi,0,,1908700000,code
1908801000,Ampatuan,0,,1908800000,code
1908802000,Buluan,0,,1908800000,code
1908803000,Datu Abdullah Sangki,0,,1908800000,code
1908804000,Datu Anggal Midtimbang,0,,1908800000,code
1908805000,Datu Hoffer Ampatuan,0,,1908800000,code
1908806000,Datu Paglas,0,,1908800000,code
1908807000,Datu Piang,0,,1908800000,code
1908808000,Datu Salibo,0,,1908800000,code
1908809000,Datu Saudi Ampatuan,0,,1908800000,code
1908810000,Datu Unsay,0,,1908800000,code
1908811000,Gen. S.K. Pendatun,0,,1908800000,code
1908812000,Guindulungan,0,,1908800000,code
1908813000,Mamasapano,0,,1908800000,code
1908814000,Mangudadatu,0,,1908800000,code
1908815000,Pagagawan,0,,1908800000,code
1908816000,Pagalungan,0,,1908800000,code
1908817000,Paglat,0,,1908800000,code
1908818000,Pandag,0,,1908800000,code
1908819000,Rajah Buayan,0,,1908800000,code
1908820000,Shariff Aguak,0,,1908800000,code
1908821000,Shariff Saydona Mustapha,0,,1908800000,code
1908822000,South Upi,0,,1908800000,code
1908823000,Sultan Sa Barongis,0,,1908800000,code
1908824000,Talayan,0,,1908800000,code
1999901000,Kapalawan,0,,1999900000,sga
1999902000,Old Kaabakan,0,,1999900000,sga
1999903000,Kadayangan,0,,1999900000,sga
1999904000,Nabalawag,0,,1999900000,sga
1999905000,Pahamuddin,0,,1999900000,sga
1999906000,Malidegao,0,,1999900000,sga
1999907000,Ligawasan,0,,1999900000,sga
1999908000,Tugunan,0,,1999900000,sga
